{
    "rmse_C": 1.54553466158833,
    "mean_bias_C": 1.0672929366372694,
    "correlations": {
        "I_solar_total": {
            "r": -0.23131302583044153,
            "p": 1.0678767268235183e-13
        },
        "T_outdoor": {
            "r": -0.09860271940481069,
            "p": 0.0017318476085473149
        },
        "T_supply_avg": {
            "r": 0.10994781409161833,
            "p": 0.0004735805512579714
        },
        "mdot_water_total": {
            "r": 0.24975569002746176,
            "p": 8.728957426173953e-16
        },
        "Q_internal_no_solar": {
            "r": -0.4390295553619923,
            "p": 1.0686580090086913e-48
        }
    },
    "solar_regression": {
        "slope_C_per_W": -2.9507310240731722e-05,
        "intercept_C": 1.2233015274648062,
        "r_squared": 0.05350571591883457,
        "p_value": 1.0678767268234609e-13
    },
    "daytime_bias_C": 0.8944374815942974,
    "nighttime_bias_C": 1.3561495325976742,
    "diagnosis": "other_factors"
}