{
  "experiment_id": 5,
  "model_name": "Fidelity",
  "n_iter": 100,
  "scenario": "nominal",
  "seed": 42,
  "success": true,
  "elapsed_s": 4127.110979557037,
  "metrics": {
    "deg_hours_cold_occ": 11.682651257421487,
    "cvar90_cold_occ_C": 0.42745787680028646,
    "peak_cold_violation_occ_C": 0.9620927820172156,
    "total_energy_kWh": 3461.470713603647,
    "fallback_rate": 0.0,
    "median_solve_time_ms": 4843.347907066345,
    "p95_solve_time_ms": 5549.3693470954895,
    "max_solve_time_ms": 6062.504291534424
  }
}