{
  "experiment_id": 8,
  "model_name": "RAMC_1.5e-3",
  "n_iter": 100,
  "scenario": "forecast_error",
  "seed": 42,
  "success": true,
  "elapsed_s": 2180.8769075870514,
  "metrics": {
    "deg_hours_cold_occ": 8.123839040743965,
    "cvar90_cold_occ_C": 0.3891656505867688,
    "peak_cold_violation_occ_C": 0.6194896653542656,
    "total_energy_kWh": 4723.6550201073605,
    "fallback_rate": 0.0,
    "median_solve_time_ms": 2178.0539751052856,
    "p95_solve_time_ms": 2367.433249950409,
    "max_solve_time_ms": 2865.1983737945557
  }
}