{
  "experiment_id": 7,
  "model_name": "RAMC_1.5e-3",
  "n_iter": 100,
  "scenario": "nominal",
  "seed": 42,
  "success": true,
  "elapsed_s": 2786.749622106552,
  "metrics": {
    "deg_hours_cold_occ": 7.976004357809352,
    "cvar90_cold_occ_C": 0.38117499380099656,
    "peak_cold_violation_occ_C": 0.5815870036273196,
    "total_energy_kWh": 4739.233014717191,
    "fallback_rate": 0.0,
    "median_solve_time_ms": 1674.2223501205444,
    "p95_solve_time_ms": 4679.538929462433,
    "max_solve_time_ms": 5518.1849002838135
  }
}