{
  "experiment_id": 1,
  "model_name": "Fidelity",
  "n_iter": 25,
  "scenario": "nominal",
  "seed": 42,
  "success": true,
  "elapsed_s": 628.1504938602448,
  "metrics": {
    "deg_hours_cold_occ": 11.2942641574906,
    "cvar90_cold_occ_C": 0.4241424927985896,
    "peak_cold_violation_occ_C": 0.9941751221004402,
    "total_energy_kWh": 3513.673762010714,
    "fallback_rate": 0.0,
    "median_solve_time_ms": 421.8074083328247,
    "p95_solve_time_ms": 1316.1982774734497,
    "max_solve_time_ms": 2079.4122219085693
  }
}