{
    "model_version": "v5.1_DE_optimized",
    "optimizer": "differential_evolution_workers1",
    "N_sections": 3,
    "n_states": 6,
    "n_parameters": 10,
    "validation_rmse_C": 1.3728071222505147,
    "cv_rmse_percent": 6.075696839211143,
    "mean_residual_C": 0.0022231991001242794,
    "residual_autocorrelation": 0.9440238331026422,
    "runtime_seconds": 2701.6870567798615,
    "function_evaluations": 359,
    "physically_consistent": true,
    "identified_parameters": {
        "C_air": 84426246.51832934,
        "C_env": 661376048.5634619,
        "C_int": 6002555765.428176,
        "C_rad": 597376.9622532368,
        "R_ex": 0.0003079967462046204,
        "R_ae": 0.00016180515492072352,
        "R_ai": 5.818704417041902e-05,
        "K_rad": 283.97226311004107,
        "a_rad": 0.2795410071110868,
        "A_sol": 0.5598500539656959
    },
    "time_constants": {
        "tau_air_env_h": 3.7946116381315202,
        "tau_env_out_h": 56.583797493115355,
        "tau_air_int_h": 97.01971596065907,
        "tau_rad_min": 13.548940450118042
    }
}